suburb_id,suburb_name,centroid_lat,centroid_lng,population_total,population_65_74,population_75_84,population_85_plus,need_assistance,landmark_count
201011001,Alfredton,-37.541752512576096,143.74931999264615,16835,1312,694,172,850,0
201011002,Ballarat,-37.556156947914054,143.83664772146062,12131,1495,937,394,747,0
201011005,Buninyong,-37.643867509552656,143.8807716783235,7261,897,352,85,315,0
201011006,Delacombe,-37.58224401574294,143.7784661771825,10661,876,470,232,842,0
201011007,Smythes Creek,-37.620260242372495,143.74620721896895,4230,433,148,27,204,0
201011008,Wendouree - Miners Rest,-37.49756459153087,143.80254329831433,15333,1602,1041,514,1396,0
201011481,Ballarat East - Warrenheip,-37.570085757246275,143.9076024773677,9691,1114,686,390,1026,0
201011482,Ballarat North - Invermay,-37.51587256526118,143.8973381642486,14750,1623,846,367,890,0
201011483,Canadian - Mount Clear,-37.59240951647122,143.87417582259783,12225,1242,689,320,889,0
201011484,Sebastopol - Redan,-37.59518526786312,143.83646844906644,13086,1504,914,373,1352,0
201021009,Bacchus Marsh Surrounds,-37.63017832378217,144.30968063120886,6559,736,370,118,381,0
201021010,Creswick - Clunes,-37.35413430805209,143.83544627440665,8085,1262,633,236,558,0
201021011,Daylesford,-37.31774846875166,144.1858143936124,9955,1819,771,256,558,0
201021012,Gordon (Vic.),-37.64723647873772,144.0393963501565,6372,754,299,73,317,0
201031013,Avoca,-37.108873252822114,143.3738168739059,3532,685,307,101,295,0
201031014,Beaufort,-37.49585177766746,143.39331017323678,4644,739,338,101,326,0
201031015,Golden Plains - North,-37.775585876853825,143.62664111358364,4894,637,259,40,341,0
201031016,Maryborough (Vic.),-37.04747799424529,143.74405937920804,8160,1296,958,395,916,0
201031017,Maryborough Surrounds,-36.98115152605688,143.70690703899217,5526,994,494,118,512,0
202011018,Bendigo,-36.7483335854863,144.27024728573315,14929,1644,904,484,1297,0
202011019,California Gully - Eaglehawk,-36.70666818362076,144.26069587093878,12949,1450,746,300,1110,0
202011020,East Bendigo - Kennington,-36.75233432204074,144.31556606188454,13988,1758,1129,619,1174,0
202011021,Flora Hill - Spring Gully,-36.791628131555,144.28712159804647,9437,899,497,254,580,0
202011022,Kangaroo Flat - Golden Square,-36.80639028541716,144.2426496162728,21043,2477,1791,840,1902,0
202011023,Maiden Gully,-36.75386853947435,144.20787496432027,5518,521,175,29,250,0
202011024,Strathfieldsaye,-36.78882918618765,144.3589458584102,10719,1110,532,125,400,0
202011025,White Hills - Ascot,-36.67623943506374,144.32175362185032,14446,1240,577,156,882,0
202021026,Bendigo Surrounds - South,-36.843343824977545,144.24569545557023,8344,910,330,59,327,0
202021027,Castlemaine,-37.08347094206818,144.23691621331346,11352,1779,1064,472,607,0
202021028,Castlemaine Surrounds,-37.04685138910389,144.1897800937766,9225,1618,731,178,483,0
202021029,Heathcote,-36.86073339568221,144.647680660662,5062,864,500,149,423,0
202021030,Kyneton,-37.22141883104309,144.5051426692295,10562,1415,769,311,697,0
202021031,Woodend,-37.35631875583,144.51737348773554,7949,1033,535,164,450,0
202031032,Bendigo Surrounds - North,-36.562330299857024,144.3679069861673,4934,659,294,76,297,0
202031033,Loddon,-36.33956082625219,143.8567452038548,7289,1232,611,297,545,0
203011034,Bannockburn,-38.06977075826914,144.1786224383735,7754,660,327,127,418,0
203011035,Golden Plains - South,-37.942108104558315,143.9395405079638,8111,835,277,65,369,0
203011036,Winchelsea,-38.2554295157674,144.04280855489796,6614,796,342,113,337,0
203021037,Belmont,-38.178575024994515,144.34212818145656,15017,1410,896,526,1073,0
203021039,Geelong,-38.1638370804895,144.36987385534704,13504,1512,732,277,833,0
203021040,Geelong West - Hamlyn Heights,-38.12651252868871,144.30195034693185,21200,1779,973,484,1118,0
203021042,Highton,-38.17777390766838,144.28599314499786,24034,2312,1437,467,1002,0
203021043,Lara,-37.94775361454301,144.37799459224,20817,1893,874,315,1116,0
203021044,Leopold,-38.19281222639003,144.46889814955523,13272,1518,988,320,855,0
203021045,Newcomb - Moolap,-38.17982735835306,144.41761647004907,15462,1976,1341,561,1443,0
203021046,Newtown (Vic.),-38.15393910064424,144.33504899852915,10445,1058,580,201,410,0
203021047,North Geelong - Bell Park,-38.10215161939803,144.32136749926096,15795,1907,1285,601,1458,0
203021485,Charlemont,-38.215676158342134,144.36002942492155,10300,566,475,346,657,0
203021486,Corio - Lovely Banks,-38.05045128888243,144.3226007816606,18325,1632,847,247,1509,0
203021487,Grovedale - Mount Duneed,-38.2219869374931,144.29925931361004,24763,2254,1376,756,1790,0
203021488,Norlane,-38.091595259683245,144.35928546248675,9051,908,514,235,1096,0
203031048,Clifton Springs,-38.17394785126658,144.57602028759104,16797,2473,1336,431,1139,0
203031049,Lorne - Anglesea,-38.441907155977944,144.01971383250452,6234,1218,570,199,254,0
203031051,Portarlington,-38.15333503895862,144.66581928717162,9536,2250,1134,314,693,0
203031052,Point Lonsdale - Queenscliff,-38.234324312296735,144.61668520282055,5519,1290,776,297,358,0
203031053,Torquay,-38.32022800350986,144.2807034836729,24607,2586,1178,421,809,0
203031489,Barwon Heads - Armstrong Creek,-38.25644720656768,144.41960157884057,11333,1101,447,124,402,0
203031490,Ocean Grove,-38.2380298889165,144.53033398837775,19394,2662,1215,515,958,0
204011054,Alexandra,-37.31847452288863,145.79436050104113,6828,1272,661,220,488,0
204011055,Euroa,-36.73257520491538,145.59762091747032,6922,1322,683,296,544,0
204011056,Kilmore - Broadford,-37.24637172735247,144.98328519078456,15563,1645,979,354,1095,0
204011057,Mansfield (Vic.),-37.19682667546459,146.20752997013855,10517,1659,767,239,536,0
204011058,Nagambie,-36.82030575654458,145.15544155626964,4537,766,383,140,267,0
204011059,Seymour,-37.01601602677202,145.16214574522743,6569,888,474,217,603,0
204011060,Seymour Surrounds,-37.04598442642381,144.9583618125871,4645,484,214,53,230,0
204011061,Upper Yarra Valley,-37.65149155058366,145.97602569244344,238,17,10,0,14,0
204011062,Yea,-37.26093415286143,145.43239968756947,4182,715,399,104,240,0
204021063,Benalla,-36.57887429534102,145.99674889633835,10822,1673,1148,524,954,0
204021064,Benalla Surrounds,-36.58113124229182,146.01647581066936,3781,682,242,42,182,0
204021065,Rutherglen,-36.06602246333341,146.42605457313698,4047,627,321,115,289,0
204021066,Wangaratta,-36.358899947355134,146.30964138492288,19882,2399,1714,795,1729,0
204021067,Wangaratta Surrounds,-36.59114189177008,146.42996618946287,9925,1456,664,156,479,0
204031068,Beechworth,-36.34218782603258,146.71468325860724,4986,806,382,127,294,0
204031069,Bright - Mount Beauty,-36.895632880938685,146.9966691746903,8903,1293,668,207,360,0
204031070,Chiltern - Indigo Valley,-36.15638556538468,146.64926598522888,3184,416,212,45,180,0
204031071,Myrtleford,-36.55264316587047,146.81070444547203,4745,697,409,190,356,0
204031072,Towong,-36.354293846321525,147.5991359868167,6196,1024,533,217,394,0
204031073,West Wodonga,-36.117283806959165,146.79085682087464,15396,1702,807,300,1238,0
204031075,Yackandandah,-36.32985015775081,146.9978240534355,5221,629,311,109,241,0
204031491,Baranduda - Leneva,-36.17581077720069,146.93963858643116,12778,1028,455,213,700,0
204031492,Wodonga,-36.11116162242159,146.88008547514107,15082,1765,1076,335,1198,0
205011076,Drouin,-38.13537778028024,145.8019626631914,19773,2307,1318,432,1378,0
205011077,Mount Baw Baw Region,-37.88939885766721,146.18683174227183,6585,954,453,116,327,0
205011078,Trafalgar (Vic.),-38.22385719918118,146.12654756776783,8368,1170,547,194,482,0
205011079,Warragul,-38.21400480554211,145.93973827154477,23051,2653,1634,605,1589,0
205021080,Alps - East,-36.993678532090875,148.0357976529161,0,0,0,0,0,0
205021081,Bairnsdale,-37.82915582938977,147.61399545528533,15684,2117,1477,567,1287,0
205021082,Bruthen - Omeo,-37.31893616169854,147.5832791207659,8290,1264,574,136,460,0
205021083,Lake King,-37.88307296915912,147.76358454103118,0,0,0,0,0,0
205021084,Lakes Entrance,-37.83978775566734,147.9280719312454,11164,2344,1212,337,887,0
205021085,Orbost,-37.44484675210307,148.77357279687678,6727,1239,647,199,517,0
205021086,Paynesville,-37.96090034664248,147.5603757587597,6977,1732,966,283,604,0
205031087,Foster,-38.67901563463474,146.1121827030251,9446,1830,871,272,557,0
205031088,French Island,-38.35001620190422,145.3649037360842,139,30,13,4,5,0
205031089,Korumburra,-38.39835533416132,145.7687902668904,9842,1338,634,239,629,0
205031090,Leongatha,-38.451131475510785,146.04416486598794,11502,1678,949,347,789,0
205031091,Phillip Island,-38.49067319835751,145.24078243892512,13799,2477,1174,396,892,0
205031092,Wilsons Promontory,-38.960157663630746,146.36773201899575,16,0,0,0,0,0
205031093,Wonthaggi - Inverloch,-38.516492534162374,145.5985480865558,26792,4679,2466,821,1995,0
205041094,Churchill,-38.35884058781804,146.41769865977565,11912,1527,659,126,762,0
205041095,Moe - Newborough,-38.19661465798294,146.29591397766,17291,2320,1329,563,1878,0
205041096,Morwell,-38.207677205501,146.4211145720302,14432,1756,1055,475,1592,0
205041098,Yallourn North - Glengarry,-38.08461471740431,146.50276009500965,4707,566,185,40,231,0
205041493,Traralgon - East,-38.18846767505375,146.6189129963944,12000,1297,832,393,989,0
205041494,Traralgon - West,-38.20985694891384,146.51043457901386,16822,1855,992,356,1026,0
205051099,Alps - West,-37.44815181401,146.84779780780795,23,8,0,0,0,0
205051100,Longford - Loch Sport,-38.14374699034586,147.2530951374518,4915,916,324,54,322,0
205051101,Maffra,-37.842457279723575,146.8669755691962,14756,2090,983,301,926,0
205051102,Rosedale,-38.15654000926892,146.78365258683164,4928,555,220,50,220,0
205051103,Sale,-38.10465695970555,147.0562629939027,15301,1800,1098,465,1294,0
205051104,Yarram,-38.49427707192221,146.75187248510102,5605,1025,475,166,463,0
206011106,Brunswick East,-37.76890306956433,144.977667782076,12738,586,367,168,474,0
206011107,Brunswick West,-37.763319434959605,144.94254148170452,14318,913,564,283,806,0
206011109,Pascoe Vale South,-37.74344514669444,144.93846472477784,10390,735,459,326,675,0
206011495,Brunswick - North,-37.76062920515782,144.96303500071892,12890,747,522,222,693,0
206011496,Brunswick - South,-37.77156217429878,144.95970866724826,12983,700,418,228,605,0
206011497,Coburg - East,-37.74563344201891,144.97184540991688,12535,892,578,284,861,0
206011498,Coburg - West,-37.74398182768642,144.9552152812621,14031,1012,644,346,971,0
206021110,Alphington - Fairfield,-37.774463657903254,145.02467469220971,8994,702,351,165,445,0
206021112,Thornbury,-37.758165080349976,145.00638349166223,18919,1233,846,497,1237,0
206021499,Northcote - East,-37.77427486688557,145.00670345909924,15068,1062,706,321,775,0
206021500,Northcote - West,-37.76948397635482,144.9913980400983,10299,624,407,203,495,0
206031113,Ascot Vale,-37.77697664138512,144.9136794330256,15191,1117,556,228,685,0
206031115,Flemington,-37.783827901861585,144.93090240135066,9065,653,273,123,481,2
206031116,Moonee Ponds,-37.76562595178579,144.92142928377558,16224,1361,752,415,894,0
206031501,Essendon (West) - Aberfeldie,-37.7501417296122,144.8990867650627,16042,1383,733,479,802,0
206031502,Essendon - East,-37.751283630379795,144.91927037341034,12191,1094,514,220,533,0
206041117,Carlton,-37.80051327063838,144.96779862171397,16655,692,449,217,608,23
206041118,Docklands,-37.81796076890021,144.94327981785307,15493,695,207,42,213,16
206041119,East Melbourne,-37.81715447091367,144.98147791791027,4896,651,324,119,187,26
206041120,Flemington Racecourse,-37.78799910216649,144.91257768114625,77,0,0,0,0,5
206041121,Kensington (Vic.),-37.794331584408425,144.92706769770692,10745,666,296,134,484,8
206041124,Parkville,-37.7871044218606,144.9515326556242,7297,342,245,155,304,5
206041125,South Yarra - West,-37.8394419383832,144.98187167699743,6423,701,521,241,258,8
206041127,West Melbourne - Industrial,-37.810122109677614,144.92204347457113,0,0,0,0,0,3
206041503,Melbourne CBD - East,-37.812800123315654,144.96858696202383,9848,413,174,41,156,42
206041504,Melbourne CBD - North,-37.8092042727665,144.96087784526318,16870,239,68,17,154,17
206041505,Melbourne CBD - West,-37.816751147830104,144.9587028360347,15648,291,85,18,164,12
206041506,North Melbourne,-37.79866927087874,144.94512122414585,15637,798,338,126,504,13
206041507,Royal Botanic Gardens Victoria,-37.82776351209211,144.97669978886688,0,0,0,0,0,10
206041508,Southbank (West) - South Wharf,-37.824244102156186,144.95635992073323,6463,336,171,35,116,11
206041509,Southbank - East,-37.82637007862745,144.96611425201675,16101,526,185,27,191,25
206041510,West Melbourne - Residential,-37.80859346985182,144.94975845184672,7446,226,84,15,120,6
206051128,Albert Park,-37.845637062066224,144.9640483051703,15825,1609,1062,281,538,0
206051129,Elwood,-37.880921906067854,144.9855343584327,14818,1031,417,143,373,0
206051130,Port Melbourne,-37.838071370046315,144.93505098996465,16192,1650,922,244,716,0
206051134,St Kilda East,-37.86708082058369,144.99818252780372,15813,934,449,176,531,0
206051511,Port Melbourne Industrial,-37.83106620445382,144.91984627335694,1907,34,15,0,16,4
206051512,South Melbourne,-37.834663508625965,144.95975055719543,11693,1001,593,287,618,0
206051513,St Kilda - Central,-37.86400371064459,144.98615016808043,11857,724,289,75,384,0
206051514,St Kilda - West,-37.86135764983169,144.97626167379877,13858,1073,525,271,544,0
206061135,Armadale,-37.85676004331301,145.02070474349395,9336,896,667,221,300,0
206061136,Prahran - Windsor,-37.85284998132642,144.99805148497276,19119,1170,837,400,793,0
206061138,Toorak,-37.84161310755654,145.0176212575675,12953,1760,1244,517,474,0
206061515,South Yarra - North,-37.836159407570854,144.996494094746,11192,552,289,98,171,0
206061516,South Yarra - South,-37.84318463953959,144.9948931632614,9939,747,479,197,408,0
206071139,Abbotsford,-37.80459788758874,144.9997615345573,9088,508,249,97,322,0
206071140,Carlton North - Princes Hill,-37.78571158303633,144.9681264876714,8186,732,391,141,240,4
206071141,Collingwood,-37.80209115311432,144.9881357885598,9179,394,189,67,356,0
206071142,Fitzroy,-37.80104378748318,144.97913348190622,10431,697,324,135,407,2
206071143,Fitzroy North,-37.784077893860655,144.984302872315,12781,1042,667,294,632,0
206071145,Clifton Hill - Alphington,-37.78984042484817,145.01296154543317,9855,894,386,139,410,0
206071517,Richmond (South) - Cremorne,-37.8265062689097,145.00462185884444,17671,1056,574,210,529,0
206071518,Richmond - North,-37.8148818636187,145.00276357098477,13867,944,460,202,709,0
207011146,Ashburton (Vic.),-37.86738890467643,145.0805726494259,7952,694,420,227,507,0
207011147,Balwyn,-37.80980590323077,145.08055680313726,16163,1717,1175,640,777,0
207011148,Balwyn North,-37.79189031875718,145.0838937637856,21123,1889,1189,615,880,0
207011149,Camberwell,-37.83844186225342,145.0740158620065,21232,2200,1428,912,1223,0
207011150,Glen Iris - East,-37.85474487257669,145.07199958453543,16829,1556,908,312,533,0
207011152,Hawthorn East,-37.83128215638137,145.0499059482957,15684,1246,787,329,604,0
207011154,Kew East,-37.79056767643416,145.05238556369233,6482,608,369,166,278,0
207011155,Surrey Hills (West) - Canterbury,-37.82450027735095,145.08403221303865,15944,1826,1008,570,724,0
207011519,Hawthorn - North,-37.818013329911935,145.02854217157193,9890,825,479,151,300,0
207011520,Hawthorn - South,-37.82927753143884,145.03388990237923,11957,884,562,251,419,0
207011521,Kew - South,-37.80875169491367,145.04657013359656,11601,1195,773,368,539,0
207011522,Kew - West,-37.79976415524464,145.0239807477723,13039,1281,728,418,730,0
207021156,Bulleen,-37.76888435169745,145.08717984385993,11289,1120,1092,514,855,0
207021157,Doncaster,-37.78482823211344,145.12385255426565,24814,2435,2027,909,1464,0
207021159,Templestowe,-37.75404675644435,145.14863358144902,16966,2113,1447,696,1168,0
207021160,Templestowe Lower,-37.7638675720713,145.11227182776858,14191,1403,1451,693,1194,0
207021424,Doncaster East - North,-37.769438383000114,145.16925686192872,15672,1790,1170,480,867,0
207021425,Doncaster East - South,-37.79151206291003,145.15669134491628,15454,1339,1225,518,902,0
207031161,Blackburn,-37.81655748467763,145.15290736173836,22106,1821,1296,761,1102,0
207031162,Blackburn South,-37.83935775517729,145.14653987294653,10939,1043,789,480,817,0
207031163,Box Hill,-37.82903726069704,145.12474131732856,22841,1665,1019,673,1209,0
207031164,Box Hill North,-37.804692735746535,145.12269125159992,18126,1599,930,442,883,0
207031165,Burwood (Vic.),-37.84806466985715,145.11294418050585,12336,849,718,456,661,0
207031166,Burwood East,-37.85358609245871,145.15041546049767,10675,1015,996,372,663,0
207031167,Surrey Hills (East) - Mont Albert,-37.82429426297001,145.10689543790096,10166,1135,543,315,483,0
208011168,Beaumaris,-37.98080300262648,145.03775023998878,14021,1698,1026,423,479,0
208011169,Brighton (Vic.),-37.908187543926935,144.99581672091583,22758,2829,1920,940,974,0
208011170,Brighton East,-37.91714847041066,145.01630489934516,16540,1606,1085,679,930,0
208011171,Highett (West) - Cheltenham,-37.95744568002111,145.03796255619574,12439,998,576,285,611,0
208011172,Hampton,-37.93766136851631,145.01424666452587,18200,1779,1043,394,850,0
208011173,Sandringham - Black Rock,-37.96085110589126,145.01710400260862,17358,2166,1279,709,896,0
208021174,Bentleigh - McKinnon,-37.919476729668766,145.0379712752781,24896,1988,1233,728,1173,0
208021176,Carnegie,-37.89339031883657,145.05589763721423,18534,1436,925,457,882,0
208021177,Caulfield - North,-37.87388050905115,145.02290277412936,22362,2239,1053,667,984,0
208021178,Caulfield - South,-37.89138003447485,145.0253618905466,18075,2078,1079,649,1138,0
208021179,Elsternwick,-37.88696205297789,145.00719931196065,11904,1085,563,273,525,0
208021180,Hughesdale,-37.899479985896996,145.08113589903587,7563,532,371,214,446,0
208021181,Murrumbeena,-37.89683721414848,145.0703681515409,9369,752,403,195,435,0
208021182,Ormond - Glen Huntly,-37.90036691004987,145.04142246599693,13128,1022,528,171,511,0
208021426,Bentleigh East - North,-37.91482351556702,145.06804912514767,16583,1209,723,379,756,0
208021427,Bentleigh East - South,-37.92941338756159,145.0653262607595,14057,1220,718,458,759,0
208031183,Aspendale Gardens - Waterways,-38.01909942119203,145.1230755899465,8853,758,452,159,413,0
208031184,Braeside,-37.99801987920587,145.12223210191823,31,0,0,3,0,0
208031185,Carrum - Patterson Lakes,-38.07130607012214,145.13919436332037,12032,1430,721,252,573,0
208031186,Chelsea - Bonbeach,-38.05659606709734,145.12461162875238,15204,1568,919,478,1013,0
208031187,Chelsea Heights,-38.040842683041646,145.13423731105206,5393,543,341,111,278,0
208031188,Highett (East) - Cheltenham,-37.9611789312804,145.066078309777,24085,2135,1513,961,1622,0
208031189,Edithvale - Aspendale,-38.02822955805323,145.1074763914098,13563,1105,722,261,602,0
208031190,Mentone,-37.98164472773213,145.06904869296952,13197,1299,889,403,733,0
208031191,Moorabbin - Heatherton,-37.95034516922989,145.07932001599912,9116,781,478,210,478,0
208031192,Moorabbin Airport,-37.977456510328835,145.09951785447004,26,0,0,0,0,0
208031193,Mordialloc - Parkdale,-37.9960044239569,145.08944322510658,21199,1958,1082,558,1070,0
208041194,Malvern - Glen Iris,-37.85641657017465,145.04226878339156,20239,1926,1417,659,841,0
208041195,Malvern East,-37.87683670697145,145.0658465132018,21923,1921,1144,651,1030,0
209011196,Bundoora - East,-37.69881453357731,145.068332049265,9831,956,741,269,671,0
209011197,Greensborough,-37.70010157364166,145.113897693988,20807,2397,1284,524,1171,0
209011198,Heidelberg - Rosanna,-37.7457124535588,145.06965456984312,16039,1381,1016,674,1016,0
209011199,Heidelberg West,-37.74299166910567,145.04640646488664,14852,1133,514,264,1106,0
209011200,Ivanhoe,-37.76903289759435,145.04307795877523,12458,1274,651,363,703,0
209011201,Ivanhoe East - Eaglemont,-37.76857045821035,145.0627937171977,7740,935,489,201,262,0
209011202,Montmorency - Briar Hill,-37.728855544959096,145.11969011287394,16539,1921,1116,349,785,0
209011203,Viewbank - Yallambie,-37.73122296556389,145.08824007833027,18733,1799,1268,558,1109,0
209011204,Watsonia,-37.704905543151256,145.08414686095608,9236,891,596,204,607,0
209021205,Kingsbury,-37.7145614542566,145.04904287341571,10408,653,491,275,586,0
209021428,Preston - East,-37.74275979044944,145.01600094321014,20711,1354,875,432,1410,0
209021429,Preston - West,-37.7399398850387,144.9900648418594,12696,897,593,301,702,0
209021523,Reservoir - North East,-37.70594915026962,145.0212078702657,14795,1023,805,442,1270,0
209021524,Reservoir - North West,-37.6999663021415,144.9939837647972,9801,1017,992,475,1061,0
209021525,Reservoir - South East,-37.72535007228304,145.0220180199272,12799,1074,725,522,1002,0
209021526,Reservoir - South West,-37.71781656990727,144.99393106515862,14090,924,569,320,873,0
209031209,Eltham,-37.71470774601384,145.15681877955677,23444,2686,1161,307,877,0
209031210,Hurstbridge,-37.637579825735365,145.19433537911002,3554,372,155,26,132,0
209031211,Kinglake,-37.49108591739881,145.40824177594632,4204,429,139,24,188,0
209031212,Panton Hill - St Andrews,-37.59584671179543,145.26474854560217,5091,704,271,54,142,0
209031213,Plenty - Yarrambat,-37.653518642823336,145.12385079820254,9454,935,464,240,495,0
209031214,Research - North Warrandyte,-37.69900390177482,145.22061893926673,6935,710,307,67,224,0
209031215,Wattle Glen - Diamond Creek,-37.667740939313816,145.1673032710553,14417,1237,551,183,653,0
209041216,Bundoora - North,-37.682825584528615,145.07119435193053,7350,556,299,157,463,0
209041217,Bundoora - West,-37.69291659818406,145.05257907501095,6186,743,508,172,511,0
209041220,Mill Park - North,-37.65952058537316,145.0677107997011,17470,1735,707,288,1211,0
209041221,Mill Park - South,-37.67140236210391,145.0592303928692,11240,1212,506,129,765,0
209041223,Thomastown,-37.683855847126175,145.00827419174055,19998,2255,1581,536,2140,0
209041224,Wallan,-37.38482723191139,145.07161919885556,22627,1457,524,106,1048,0
209041225,Whittlesea,-37.49792622906599,145.1019724870165,10661,1017,527,251,658,0
209041431,Epping - East,-37.63578877784317,145.04538855103422,13144,1064,587,347,802,0
209041432,Epping - South,-37.63921484105075,144.99650756958098,8204,861,411,170,775,0
209041433,Epping (Vic.) - West,-37.631941377822294,145.0100495611052,12143,533,172,47,532,0
209041435,South Morang - North,-37.62371377291517,145.08253651907776,12595,629,215,45,518,0
209041436,South Morang - South,-37.645727265747325,145.08558277167407,12392,903,576,335,878,0
209041437,Wollert,-37.59093469599246,145.00506275672967,24407,854,253,48,797,0
209041527,Doreen - North,-37.58819081258549,145.12684313852816,16299,1001,418,63,645,0
209041528,Doreen - South,-37.611445358317134,145.12106831126073,10471,501,178,21,427,0
209041529,Lalor - East,-37.66897557768477,145.02835788492,9947,987,739,293,1047,0
209041530,Lalor - West,-37.66058935092116,144.99461649852344,13513,1146,813,350,1256,0
209041531,Mernda - North,-37.584250554975206,145.0855004204495,11427,742,352,51,505,0
209041532,Mernda - South,-37.60591238190172,145.07558126174607,11940,449,154,29,471,0
210011226,Airport West,-37.723821341199745,144.8812995650561,8173,770,562,265,580,0
210011227,Essendon Airport,-37.726907248638454,144.90040872306164,13,0,0,0,0,0
210011228,Keilor,-37.718945672918395,144.84445679682196,8548,1068,751,285,602,0
210011230,Niddrie - Essendon West,-37.74499613390879,144.8848926042988,7460,611,337,216,388,0
210011231,Strathmore,-37.72992840036332,144.91367185883854,10031,988,462,213,407,0
210011533,Avondale Heights,-37.76155135926344,144.86260637295072,12388,1424,1280,607,1375,0
210011534,Keilor East,-37.742187220549006,144.86611323334856,15073,1479,1452,514,1230,0
210021232,Gisborne,-37.49548439428497,144.55519316964677,14222,1326,742,254,683,0
210021233,Macedon,-37.411928365558055,144.5732603043449,3523,500,205,34,111,0
210021234,Riddells Creek,-37.438248827325786,144.67769990436233,4457,493,223,33,152,0
210021235,Romsey,-37.34994062129848,144.76342908578002,10765,1169,532,99,527,0
210031236,Coburg North,-37.72699097550086,144.9674555344426,8425,489,408,337,636,0
210031237,Fawkner,-37.705234222227425,144.96960601587685,14002,888,781,520,1242,0
210031439,Gowanbrae,-37.702801415768114,144.89755156628638,3111,228,204,71,131,0
210031440,Hadfield,-37.710108392511415,144.95029811568114,6241,441,417,231,531,0
210031535,Glenroy - East,-37.70194710566915,144.93495362436437,14783,907,740,508,1264,0
210031536,Glenroy - West,-37.70509781717111,144.90966152435206,8857,463,406,319,634,0
210031537,Oak Park,-37.71960440042228,144.91789208446934,7898,482,295,204,391,0
210031538,Pascoe Vale,-37.72453871786891,144.9388992241954,17214,1039,726,607,1095,0
210041240,Sunbury,-37.539437807452536,144.76756797372295,13671,1266,519,183,794,0
210041539,Diggers Rest,-37.61599017244422,144.68246252890648,5237,314,94,14,214,0
210041540,Sunbury - South,-37.613636559841176,144.73789055379618,14985,1429,812,380,1111,0
210041541,Sunbury - West,-37.538112580368185,144.6720670423305,11166,970,401,110,652,0
210051242,Broadmeadows,-37.68408287184822,144.92932188880832,13859,858,562,221,1275,0
210051243,Campbellfield - Coolaroo,-37.66391889487908,144.95184304292638,16057,1246,938,327,1803,0
210051245,Gladstone Park - Westmeadows,-37.676270740131855,144.8907978479726,18024,2094,1173,352,1476,0
210051246,Greenvale - Bulla,-37.62363008394303,144.83536129386763,22095,1668,627,132,1128,0
210051247,Meadow Heights,-37.65116482991955,144.9185548063954,14890,1106,530,108,1570,0
210051248,Melbourne Airport,-37.67641994964861,144.83651568896337,126,14,8,0,4,0
210051250,Tullamarine,-37.69613998257746,144.87723125985875,6576,738,466,117,533,0
210051441,Craigieburn - Central,-37.59216084864474,144.9356030009465,8099,615,224,59,592,0
210051442,Craigieburn - North,-37.57066473354233,144.94325469633716,12309,525,168,50,608,0
210051443,Craigieburn - South,-37.604446050535,144.91879843433185,21673,1074,320,85,1342,0
210051445,Mickleham - Yuroke,-37.54359219195567,144.90191756944097,23374,614,171,43,776,0
210051542,Craigieburn - North West,-37.57078877121145,144.90453162137,9842,259,67,17,444,0
210051543,Craigieburn - West,-37.58530500202509,144.9047689329928,12999,533,314,113,744,0
210051544,Roxburgh Park (South) - Somerton,-37.633842693500625,144.94104394739833,9479,572,236,64,763,0
210051545,Roxburgh Park - North,-37.618888752863334,144.92476709795267,14658,678,347,99,1290,0
211011251,Bayswater,-37.84544262067273,145.26476542820916,12589,1126,760,338,833,0
211011254,Knoxfield - Scoresby,-37.89721913653324,145.23046695649955,16601,1573,893,230,706,0
211011255,Lysterfield,-37.92696598742984,145.29080964297648,6594,532,204,51,240,0
211011256,Rowville - Central,-37.919383734571205,145.24316934796718,15418,1488,744,272,844,0
211011257,Rowville - North,-37.90714173131037,145.26086039459452,7905,628,404,134,346,0
211011258,Rowville - South,-37.935519578284,145.2388431897285,10375,957,514,151,420,0
211011259,Wantirna,-37.85232314686144,145.2259751839922,14341,1806,843,404,783,0
211011260,Wantirna South,-37.87365151637421,145.22091619292007,17942,2184,1252,708,1270,0
211011446,Boronia,-37.85629069280673,145.28596640586147,23560,2350,1439,626,1704,0
211011447,Ferntree Gully - North,-37.877305034981994,145.28555810706527,14145,1454,944,354,989,0
211011448,Ferntree Gully (South) - Upper Ferntree Gully,-37.89282499784802,145.2838108906998,15334,1493,741,226,856,0
211011449,The Basin,-37.855687326897915,145.3213725120228,4345,423,164,43,172,0
211021261,Donvale - Park Orchards,-37.784569459813824,145.20305412375097,16275,1714,1213,550,881,0
211021262,Warrandyte - Wonga Park,-37.743093237223505,145.24288292736088,10112,1170,524,198,473,0
211031263,Bayswater North,-37.828480119374305,145.2928905610909,11871,1019,479,278,783,0
211031265,Croydon Hills - Warranwood,-37.772953479901226,145.2687239452293,18059,1703,791,249,767,0
211031266,Ringwood,-37.81142114898152,145.23337205050188,18715,1564,1044,584,1183,0
211031267,Ringwood East,-37.82148895328993,145.24867782355247,21132,1890,1197,505,1193,0
211031268,Ringwood North,-37.79465013822174,145.23068791545293,9654,1030,657,208,510,0
211031450,Croydon - East,-37.801019494523075,145.29122673232135,16109,1628,936,372,1066,0
211031451,Croydon - West,-37.78887632638739,145.27843770517472,14139,1434,1170,595,1037,0
211031452,Croydon South,-37.815086077134936,145.2793228342425,4898,460,257,82,290,0
211041269,Forest Hill,-37.83986939192746,145.17104826004757,10780,1056,849,456,844,0
211041270,Mitcham (Vic.),-37.81817686402238,145.19900730474322,16795,1484,909,326,738,0
211041271,Nunawading,-37.81736151326603,145.17653063971358,12413,1028,771,437,766,0
211041272,Vermont,-37.83843241565141,145.19929132604736,10993,969,800,257,544,0
211041273,Vermont South,-37.85438699239768,145.1878168362734,11954,1653,1063,495,701,0
211051274,Belgrave - Selby,-37.93873014845611,145.35515373877146,10005,1013,386,79,416,0
211051275,Chirnside Park,-37.73860055632588,145.31431533412936,11779,1174,691,165,567,0
211051276,Healesville - Yarra Glen,-37.626136267370455,145.49616073083672,14065,1773,1030,374,887,0
211051277,Kilsyth,-37.81542508472571,145.3203389789584,9916,950,733,280,660,0
211051278,Lilydale - Coldstream,-37.71379280269307,145.38883954695314,19599,1947,1181,445,1177,0
211051279,Monbulk - Silvan,-37.86407978022706,145.45872191147208,5816,653,307,94,252,0
211051280,Montrose,-37.811135322549816,145.34794901863967,6943,703,430,213,482,0
211051281,Mooroolbark,-37.78133757873579,145.3256706433139,23146,2080,1146,346,1249,0
211051282,Mount Dandenong - Olinda,-37.86183492112377,145.37567936366278,9706,1308,513,113,416,0
211051283,Mount Evelyn,-37.78729078210633,145.388210378146,9799,935,452,76,502,0
211051284,Upwey - Tecoma,-37.90424898622366,145.33073146325336,9777,1009,332,81,377,0
211051285,Wandin - Seville,-37.76063096261021,145.46397116227308,7902,723,394,94,357,0
211051286,Yarra Valley,-37.7679135165092,145.680292952002,16799,1999,904,295,1061,0
212011289,Emerald - Cockatoo,-37.95317618704359,145.56165909331588,18633,1879,793,227,868,0
212011546,Beaconsfield - Officer,-38.04234780749466,145.4003912033574,23632,1358,585,125,825,0
212011547,Bunyip - Garfield,-38.07989238215425,145.6469695053853,9868,993,535,174,423,0
212011548,Koo Wee Rup,-38.20738688771213,145.5513783424361,10069,950,480,185,546,0
212011549,Pakenham - North East,-38.053030913022866,145.5067592135414,15441,968,568,234,885,0
212011550,Pakenham - North West,-38.04164448890578,145.45402469099224,7479,463,206,28,297,0
212011551,Pakenham - South East,-38.09385555517451,145.5154985767346,6439,542,501,163,401,0
212011552,Pakenham - South West,-38.091611605330336,145.465067071371,26783,1566,980,360,1484,0
212021293,Berwick - North,-38.025136866580176,145.34883636860096,22963,2279,1790,842,1403,0
212021295,Doveton,-37.99060196802336,145.24020024858785,11889,889,522,200,924,0
212021297,Hallam,-38.00774931470782,145.26849480968175,11472,993,558,314,977,0
212021299,Narre Warren North,-37.986311505548265,145.33040066494812,8241,844,409,197,498,0
212021453,Endeavour Hills - North,-37.9594695536938,145.25802641915075,12086,1261,518,198,832,0
212021454,Endeavour Hills - South,-37.98337701860292,145.260796406817,13360,1554,588,167,900,0
212021455,Narre Warren - North East,-38.00505491962179,145.30942337285734,13504,901,469,148,740,0
212021456,Narre Warren - South West,-38.02480220602282,145.30407731486406,14758,1118,546,217,1000,0
212021553,Berwick - South East,-38.06450078526005,145.35670679720354,17760,996,451,87,638,0
212021554,Berwick - South West,-38.054567839385605,145.33040390794503,11254,519,192,62,492,0
212031300,Cranbourne,-38.10689444731609,145.27571054681746,21281,1648,742,245,1445,0
212031303,Cranbourne South,-38.15145422015974,145.31292164235828,17400,1052,498,172,719,0
212031304,Cranbourne West,-38.10184605984667,145.24840428833463,21535,1019,428,151,958,0
212031306,Lynbrook - Lyndhurst,-38.062036363866575,145.25315224144794,18027,828,303,163,825,0
212031308,Pearcedale - Tooradin,-38.20446184074128,145.31156334167372,8024,846,331,89,397,0
212031457,Narre Warren South - East,-38.059028238799826,145.31257153190066,13152,866,404,82,623,0
212031458,Narre Warren South - West,-38.05009604580528,145.29204645752333,16713,892,373,114,862,0
212031555,Clyde North - North,-38.084859288772385,145.35752849205898,10535,465,205,20,263,0
212031556,Clyde North - South,-38.10763837390055,145.36361382281584,14802,316,92,5,336,0
212031557,Cranbourne East - North,-38.10224450376129,145.31289959915347,23415,1064,711,221,1039,0
212031558,Cranbourne East - South,-38.12249714859267,145.30421885313717,12289,457,372,222,515,0
212031559,Cranbourne North - East,-38.0795552586284,145.315434117439,12772,401,157,45,416,0
212031560,Cranbourne North - West,-38.07514414385117,145.27992609172315,11910,711,329,61,715,0
212031561,Hampton Park - East,-38.04346040749925,145.27526841678923,12715,745,315,83,672,0
212031562,Hampton Park - West,-38.030821066429176,145.25789726984792,13368,997,422,107,807,0
212041309,Clarinda - Oakleigh South,-37.93856328191777,145.09904887735385,11554,1533,909,395,1076,0
212041310,Clayton South,-37.94306051307816,145.12521399554063,13381,1048,746,283,873,0
212041312,Dandenong North,-37.955914351382354,145.2142404251064,22526,2239,1366,543,1814,0
212041313,Dingley Village,-37.97490335107525,145.12713101298684,10499,1227,773,321,567,0
212041316,Noble Park North,-37.951249557789225,145.190828433203,7456,824,519,115,623,0
212041317,Springvale,-37.94569526013163,145.15785595364355,22248,1828,1200,614,1663,0
212041318,Springvale South,-37.970844334004376,145.1478614631541,12621,1186,642,229,878,0
212041459,Noble Park - East,-37.96392270969896,145.18174472489522,12739,907,539,327,928,0
212041460,Noble Park - West,-37.97393932081561,145.17273967499125,19591,1671,1087,428,1448,0
212041563,Dandenong - North,-37.98128664936657,145.21546769460875,21487,1531,1038,541,1844,0
212041564,Dandenong - South,-38.037727930097226,145.20889796269404,9350,642,414,141,684,0
212041565,Keysborough - North,-37.98997077196882,145.17205706007357,15096,1762,1012,339,1043,0
212041566,Keysborough - South,-38.02138581072288,145.16164647818312,15093,771,274,119,557,0
212051319,Ashwood - Chadstone,-37.87242596653535,145.10145271965646,19507,1477,973,531,1299,0
212051321,Glen Waverley - East,-37.881522669020455,145.17831845871257,21603,2258,1700,686,1063,0
212051322,Glen Waverley - West,-37.88170027819508,145.15607063877715,21036,1769,1308,712,1127,0
212051323,Mount Waverley - North,-37.86646051036202,145.13023391342296,16073,1349,1075,524,780,0
212051324,Mount Waverley - South,-37.88726367739433,145.12720267078842,19265,1642,1320,665,1086,0
212051325,Mulgrave,-37.92568278656582,145.17586858530692,19889,1965,1420,519,1224,0
212051326,Oakleigh - Huntingdale,-37.90848155790472,145.10120743594902,22928,1664,1168,660,1518,0
212051327,Wheelers Hill,-37.90758571948241,145.1868658949181,20652,2685,2204,1178,1500,0
212051567,Clayton (North) - Notting Hill,-37.91054911926501,145.13813913578542,9829,314,255,230,409,0
212051568,Clayton - Central,-37.92268356820267,145.1247272294227,12052,612,479,295,525,0
213011328,Ardeer - Albion,-37.77615027690895,144.80960019866754,7502,625,359,186,569,0
213011329,Cairnlea,-37.7593149636614,144.7878074169139,10038,718,221,92,600,0
213011331,Delahey,-37.719803073957905,144.77731965235276,8077,830,329,96,665,0
213011332,Keilor Downs,-37.72628814774587,144.81290661668282,13082,1729,769,249,1101,0
213011333,Kings Park (Vic.),-37.73902990981977,144.77050697412423,13983,1663,658,136,1179,0
213011334,St Albans - North,-37.73716478660031,144.80238860194564,20581,1953,1105,391,1702,0
213011335,St Albans - South,-37.75335566738639,144.80763291597918,17454,1687,1103,529,1512,0
213011336,Sunshine,-37.78932145060696,144.83425172235832,9445,640,381,229,678,0
213011337,Sunshine North,-37.76392865010275,144.83618889313308,12047,1026,614,338,1013,0
213011338,Sunshine West,-37.80200784278442,144.8182721783673,18558,1733,1235,412,1630,0
213011339,Sydenham,-37.69979615790415,144.76424224559588,11726,836,463,296,1057,0
213011340,Taylors Lakes,-37.68851064920885,144.78596959151437,16910,1861,802,241,1055,0
213011569,Deer Park,-37.7686617393791,144.77128889497595,18004,1632,799,157,1252,0
213011570,Derrimut,-37.79879506719955,144.7760263944311,8653,305,115,16,351,0
213021341,Altona,-37.86030650559995,144.81501004529062,13556,1370,887,398,818,0
213021342,Altona Meadows,-37.88098941209651,144.78443331708132,18479,2003,919,402,1552,0
213021343,Altona North,-37.835724347205854,144.83609025523486,14931,1082,1064,606,1341,0
213021344,Newport,-37.837627635229474,144.88222179862188,18753,1183,594,320,824,0
213021345,Seabrook,-37.8809206460625,144.7586559986953,4952,353,166,44,253,0
213021346,Williamstown,-37.85912873443828,144.88478867390316,15912,1789,813,303,740,0
213031347,Braybrook,-37.78468800237322,144.86299218748735,19068,1361,592,296,1145,0
213031348,Footscray,-37.798129176733354,144.89731859832133,17131,971,573,334,1104,0
213031349,Maribyrnong,-37.7726888936942,144.88776137861342,12573,952,366,114,478,0
213031350,Seddon - Kingsville,-37.80766734604172,144.8863418793272,9247,466,273,147,451,0
213031351,West Footscray - Tottenham,-37.802027915703256,144.86450713467588,11735,643,357,169,645,0
213031352,Yarraville,-37.81797666218002,144.8819718446391,15463,856,507,293,704,0
213041353,Bacchus Marsh,-37.637931249736226,144.4546362675087,24717,2371,1187,431,1663,0
213041358,Melton West,-37.66487024707241,144.54260346813592,21208,1455,542,104,1386,0
213041359,Rockbank - Mount Cottrell,-37.760396529410805,144.66722994789805,17553,498,144,22,428,0
213041360,Taylors Hill,-37.71455740467327,144.74900955212874,19539,961,450,108,858,0
213041461,Burnside,-37.74921245550771,144.75302697796255,5800,425,294,200,422,0
213041462,Burnside Heights,-37.73223107536933,144.75563146640923,6377,267,78,11,261,0
213041463,Caroline Springs,-37.73892504517956,144.73736491786073,20365,1242,477,95,924,0
213041571,Brookfield,-37.69934255998208,144.54055048562742,9829,714,330,107,650,0
213041572,Cobblebank - Strathtulloh,-37.7220492430576,144.5985051930467,7598,150,34,9,211,0
213041573,Eynesbury - Exford,-37.75507890181152,144.53095733033638,2990,195,37,6,119,0
213041574,Fraser Rise - Plumpton,-37.68700789025863,144.69081181174147,10098,357,91,15,300,0
213041575,Hillside,-37.6899668931007,144.74108725043916,16182,1051,410,75,790,0
213041576,Kurunjang - Toolern Vale,-37.616241950417695,144.5936055790005,11632,917,381,106,879,0
213041577,Melton,-37.68575415472249,144.59580163933072,7886,1004,481,109,821,0
213041578,Melton South - Weir Views,-37.71786439812493,144.56846020427022,16658,1195,471,165,1238,0
213051361,Hoppers Crossing - North,-37.86244380580941,144.70125423932424,18446,1535,575,185,1162,0
213051362,Hoppers Crossing - South,-37.87327829812794,144.68536103874794,18772,1889,876,167,1204,0
213051363,Laverton,-37.8395367079371,144.77804627781862,11459,499,145,55,438,0
213051368,Werribee - South,-37.951356928165374,144.65289647177258,16810,1356,802,435,1188,0
213051464,Point Cook - East,-37.91313234318184,144.7701074715316,19274,841,246,42,578,0
213051466,Point Cook - South,-37.91133710721887,144.7334466523941,19091,654,142,7,477,0
213051467,Werribee - East,-37.88517739290166,144.66195070881494,19010,1593,900,402,1449,0
213051468,Werribee - West,-37.91965967205871,144.54848214784465,22341,1240,443,111,997,0
213051579,Manor Lakes - Quandong,-37.84848939103305,144.51867979190615,10616,248,85,46,390,0
213051580,Point Cook - North East,-37.88645861133166,144.74357952065196,14167,784,440,81,560,0
213051581,Point Cook - North West,-37.88535213436295,144.72616541511377,9565,385,139,73,423,0
213051582,Tarneit (West) - Mount Cottrell,-37.824218020584865,144.6243244747549,10132,157,48,7,197,0
213051583,Tarneit - Central,-37.840689939364935,144.68049032605117,28116,913,341,78,807,0
213051584,Tarneit - North,-37.81816129443649,144.68160846855628,7197,91,20,4,100,0
213051585,Tarneit - South,-37.85777164034791,144.660957070244,11182,453,228,49,425,0
213051586,Truganina - North,-37.82405980428168,144.73660536011485,9340,126,35,3,160,0
213051587,Truganina - South East,-37.84770643866273,144.7426985776394,9596,220,51,11,188,0
213051588,Truganina - South West,-37.849568664208746,144.72090152967596,19065,601,245,39,476,0
213051589,Wyndham Vale - North,-37.82704624025059,144.56501643483253,9032,270,81,20,411,0
213051590,Wyndham Vale - South,-37.88921886914356,144.616786049526,13546,839,324,76,746,0
214011370,Carrum Downs,-38.09277608138946,145.17579349751574,21976,1703,835,423,1521,0
214011371,Frankston,-38.15411063380688,145.13964636195024,23586,2408,1227,494,1705,0
214011372,Frankston North,-38.13360734324185,145.1580411694873,19453,1817,1264,504,1746,0
214011373,Frankston South,-38.17644868165917,145.12946305128364,18801,1996,1378,758,1056,0
214011374,Langwarrin,-38.16261829374685,145.19592913012764,24939,2266,1123,373,1294,0
214011375,Seaford (Vic.),-38.10481923039161,145.13844684887206,17215,1682,1016,385,1105,0
214011376,Skye - Sandhurst,-38.10137286177821,145.21507966498177,13303,1042,402,83,588,0
214021377,Dromana,-38.335855697667654,144.99912880328222,13366,2215,1442,451,845,0
214021378,Flinders,-38.398018756601395,145.00011781037998,5995,1211,576,169,256,0
214021379,Hastings - Somers,-38.34578082670447,145.16465656572004,23970,3023,1843,511,1575,0
214021381,Mount Eliza,-38.195072904944894,145.09289141618137,18734,2194,1446,531,801,0
214021382,Mount Martha,-38.27546406022826,145.03073672556351,19846,2445,1657,618,975,0
214021383,Point Nepean,-38.37860705563247,144.79659559764238,19811,3741,2054,592,1081,0
214021384,Rosebud - McCrae,-38.36895867609765,144.90744964488974,22944,3572,2720,1365,2104,0
214021385,Somerville,-38.241145131771454,145.16389715234826,18522,1999,1089,436,1042,0
214021591,Mornington - East,-38.23401621689429,145.06759579941405,15175,1661,1541,744,1217,0
214021592,Mornington - West,-38.22221755100315,145.043502348524,10581,2043,1456,596,633,0
215011386,Ararat,-37.262452456362546,142.97560969252964,8500,1093,664,303,720,0
215011387,Ararat Surrounds,-37.48999897897288,142.83449290425358,3204,515,222,62,188,0
215011388,Horsham,-36.73175710911232,142.21450170426942,16985,1857,1245,589,1117,0
215011389,Horsham Surrounds,-36.821601621457575,142.08931040600973,3471,412,179,68,164,0
215011390,Nhill Region,-36.097611239582754,141.57617418624395,6956,971,628,320,562,0
215011391,St Arnaud,-36.675284003572706,143.126399289554,3453,549,346,130,310,0
215011392,Stawell,-37.021616990388544,142.6958462557473,8504,1254,676,251,567,0
215011393,West Wimmera,-36.952483122586685,141.34348811167143,2766,427,235,97,175,0
215011394,Yarriambiack,-35.987249724968784,142.4222850501391,6501,995,609,297,617,0
215021395,Irymple,-34.24152366758324,142.18112280015526,7700,786,415,133,402,0
215021396,Merbein,-34.18149018651869,142.03622229196998,4976,575,300,132,365,0
215021398,Mildura Surrounds,-34.88201329842385,141.67145263068892,3726,530,241,106,203,0
215021399,Red Cliffs,-34.336748199421066,142.2269650271459,6138,629,326,153,496,0
215021469,Mildura - North,-34.18067429337976,142.15582739952956,18027,1940,1150,492,1537,0
215021470,Mildura - South,-34.220708983450955,142.11083992905176,16408,1682,1068,507,1275,0
215031400,Buloke,-35.90852461002206,143.0053115350112,6184,950,547,286,517,0
215031401,Gannawarra,-35.751596283842396,143.8024958123277,6719,1138,670,193,429,0
215031402,Kerang,-35.72460478363719,143.94550000264155,3960,612,401,215,360,0
215031403,Robinvale,-34.6521738689458,142.76692968404768,3740,362,132,74,179,0
215031404,Swan Hill,-35.36217543987568,143.51179260263484,11186,1116,813,417,737,0
215031405,Swan Hill Surrounds,-35.12627098357254,143.1266000409134,6477,769,375,105,349,0
216011406,Echuca,-36.163728260026936,144.77212545852203,15636,1997,1270,540,1174,0
216011407,Kyabram,-36.25551603938988,144.97815792754275,11121,1428,919,412,821,0
216011408,Lockington - Gunbower,-36.17440455701907,144.47033109103955,3927,486,230,55,192,0
216011409,Rochester,-36.33481055372279,144.73667816046225,4016,583,398,171,353,0
216011410,Rushworth,-36.578982983332814,144.84319498949847,4193,660,393,103,334,0
216021411,Cobram,-35.944392472551115,145.66831785253083,6465,994,670,259,586,0
216021412,Moira,-36.14728025076868,145.89601708886775,2843,394,175,34,151,0
216021413,Numurkah,-36.01437482806617,145.30154139299762,12555,1661,879,364,881,0
216021414,Yarrawonga,-36.03763634025077,146.00268744000044,8661,1536,1010,390,770,0
216031415,Mooroopna,-36.39880563643676,145.34611665845566,8312,1043,624,238,737,0
216031416,Shepparton - North,-36.34282659769136,145.40136226930548,19928,1858,1102,573,1544,0
216031418,Shepparton Surrounds - East,-36.37336486041184,145.53987114745132,4017,456,182,42,184,0
216031419,Shepparton Surrounds - West,-36.42289083546597,145.2127945842424,10346,1290,683,196,672,0
216031593,Kialla,-36.45635714082849,145.4105598117006,9082,842,489,185,468,0
216031594,Shepparton - South East,-36.39994416218737,145.45837675142295,16520,1702,1171,413,1319,0
217011420,Glenelg (Vic.),-37.86575836107243,141.3822813332804,8920,1431,732,245,628,0
217011421,Hamilton (Vic.),-37.745820340075305,142.0176107287621,10346,1362,928,426,789,0
217011422,Portland,-38.34024392860681,141.58410896223594,11230,1622,816,346,937,0
217011423,Southern Grampians,-37.536341587720344,142.0285685073489,6301,1003,422,161,360,0
217031471,Camperdown,-38.228597684051785,143.15921599515875,3491,551,389,131,289,0
217031472,Colac,-38.35883245921129,143.5785435884395,12756,1536,1056,502,1117,0
217031473,Colac Surrounds,-38.29790014679536,143.63640320846693,5669,813,303,77,239,0
217031474,Corangamite - North,-38.021901434154806,143.26070820713775,5395,740,427,186,451,0
217031475,Corangamite - South,-38.46324411250119,143.10648952703465,7180,863,501,198,360,0
217031476,Otway,-38.642108831477906,143.5539477261408,4008,730,292,81,172,0
217041477,Moyne - East,-38.09440893388992,142.7112953759247,7018,830,381,128,355,0
217041478,Moyne - West,-38.1566054790451,142.14867931754338,10014,1491,676,245,507,0
217041479,Warrnambool - North,-38.34464749557878,142.49575596530892,22405,2443,1422,525,1356,0
217041480,Warrnambool - South,-38.3898894961946,142.57424081844664,13337,1679,956,549,988,0
297979799,Migratory - Offshore - Shipping (Vic.),,,38,4,0,0,0,0
299999499,No usual address (Vic.),,,9089,613,152,29,536,0
