suburb_id,suburb_name,centroid_lat,centroid_lng
201011001,Alfredton,-37.541752512576096,143.74931999264615
201011002,Ballarat,-37.556156947914054,143.83664772146062
201011005,Buninyong,-37.643867509552656,143.8807716783235
201011006,Delacombe,-37.58224401574294,143.7784661771825
201011007,Smythes Creek,-37.620260242372495,143.74620721896895
201011008,Wendouree - Miners Rest,-37.49756459153087,143.80254329831433
201011481,Ballarat East - Warrenheip,-37.570085757246275,143.9076024773677
201011482,Ballarat North - Invermay,-37.51587256526118,143.8973381642486
201011483,Canadian - Mount Clear,-37.59240951647122,143.87417582259783
201011484,Sebastopol - Redan,-37.59518526786312,143.83646844906644
201021009,Bacchus Marsh Surrounds,-37.63017832378217,144.30968063120886
201021010,Creswick - Clunes,-37.35413430805209,143.83544627440665
201021011,Daylesford,-37.31774846875166,144.1858143936124
201021012,Gordon (Vic.),-37.64723647873772,144.03939635015647
201031013,Avoca,-37.108873252822114,143.3738168739059
201031014,Beaufort,-37.49585177766746,143.39331017323678
201031015,Golden Plains - North,-37.775585876853825,143.62664111358364
201031016,Maryborough (Vic.),-37.04747799424529,143.74405937920804
201031017,Maryborough Surrounds,-36.98115152605688,143.70690703899217
202011018,Bendigo,-36.7483335854863,144.27024728573315
202011019,California Gully - Eaglehawk,-36.70666818362076,144.26069587093878
202011020,East Bendigo - Kennington,-36.75233432204074,144.31556606188454
202011021,Flora Hill - Spring Gully,-36.791628131555,144.28712159804647
202011022,Kangaroo Flat - Golden Square,-36.80639028541716,144.2426496162728
202011023,Maiden Gully,-36.75386853947435,144.20787496432027
202011024,Strathfieldsaye,-36.78882918618765,144.3589458584102
202011025,White Hills - Ascot,-36.67623943506374,144.32175362185032
202021026,Bendigo Surrounds - South,-36.843343824977545,144.24569545557023
202021027,Castlemaine,-37.08347094206818,144.23691621331346
202021028,Castlemaine Surrounds,-37.04685138910389,144.1897800937766
202021029,Heathcote,-36.86073339568221,144.647680660662
202021030,Kyneton,-37.22141883104309,144.5051426692295
202021031,Woodend,-37.35631875583,144.51737348773554
202031032,Bendigo Surrounds - North,-36.562330299857024,144.3679069861673
202031033,Loddon,-36.33956082625219,143.85674520385479
203011034,Bannockburn,-38.06977075826914,144.1786224383735
203011035,Golden Plains - South,-37.942108104558315,143.9395405079638
203011036,Winchelsea,-38.2554295157674,144.04280855489796
203021037,Belmont,-38.178575024994515,144.34212818145656
203021039,Geelong,-38.1638370804895,144.36987385534704
203021040,Geelong West - Hamlyn Heights,-38.12651252868871,144.30195034693185
203021042,Highton,-38.17777390766838,144.28599314499786
203021043,Lara,-37.94775361454301,144.37799459224001
203021044,Leopold,-38.19281222639003,144.46889814955523
203021045,Newcomb - Moolap,-38.17982735835306,144.41761647004907
203021046,Newtown (Vic.),-38.15393910064424,144.33504899852917
203021047,North Geelong - Bell Park,-38.10215161939803,144.32136749926096
203021485,Charlemont,-38.215676158342134,144.36002942492155
203021486,Corio - Lovely Banks,-38.05045128888243,144.3226007816606
203021487,Grovedale - Mount Duneed,-38.2219869374931,144.29925931361004
203021488,Norlane,-38.091595259683245,144.35928546248675
203031048,Clifton Springs,-38.17394785126658,144.57602028759104
203031049,Lorne - Anglesea,-38.441907155977944,144.01971383250452
203031051,Portarlington,-38.15333503895862,144.66581928717162
203031052,Point Lonsdale - Queenscliff,-38.234324312296735,144.61668520282055
203031053,Torquay,-38.32022800350986,144.2807034836729
203031489,Barwon Heads - Armstrong Creek,-38.25644720656768,144.41960157884057
203031490,Ocean Grove,-38.2380298889165,144.53033398837775
204011054,Alexandra,-37.31847452288863,145.79436050104113
204011055,Euroa,-36.73257520491538,145.59762091747032
204011056,Kilmore - Broadford,-37.24637172735247,144.98328519078456
204011057,Mansfield (Vic.),-37.19682667546459,146.20752997013855
204011058,Nagambie,-36.82030575654458,145.15544155626964
204011059,Seymour,-37.01601602677202,145.16214574522743
204011060,Seymour Surrounds,-37.04598442642381,144.9583618125871
204011061,Upper Yarra Valley,-37.65149155058366,145.97602569244344
204011062,Yea,-37.26093415286143,145.43239968756947
204021063,Benalla,-36.57887429534102,145.99674889633837
204021064,Benalla Surrounds,-36.58113124229182,146.01647581066936
204021065,Rutherglen,-36.066022463333404,146.42605457313698
204021066,Wangaratta,-36.358899947355134,146.30964138492288
204021067,Wangaratta Surrounds,-36.59114189177008,146.42996618946287
204031068,Beechworth,-36.34218782603258,146.71468325860724
204031069,Bright - Mount Beauty,-36.895632880938685,146.9966691746903
204031070,Chiltern - Indigo Valley,-36.15638556538468,146.64926598522888
204031071,Myrtleford,-36.55264316587047,146.81070444547203
204031072,Towong,-36.354293846321525,147.5991359868167
204031073,West Wodonga,-36.117283806959165,146.79085682087464
204031075,Yackandandah,-36.32985015775081,146.99782405343547
204031491,Baranduda - Leneva,-36.17581077720069,146.93963858643116
204031492,Wodonga,-36.11116162242159,146.88008547514107
205011076,Drouin,-38.135377780280244,145.8019626631914
205011077,Mount Baw Baw Region,-37.88939885766721,146.18683174227183
205011078,Trafalgar (Vic.),-38.22385719918118,146.12654756776783
205011079,Warragul,-38.21400480554211,145.93973827154477
205021080,Alps - East,-36.993678532090875,148.0357976529161
205021081,Bairnsdale,-37.82915582938977,147.61399545528533
205021082,Bruthen - Omeo,-37.31893616169854,147.5832791207659
205021083,Lake King,-37.88307296915912,147.76358454103118
205021084,Lakes Entrance,-37.83978775566734,147.9280719312454
205021085,Orbost,-37.44484675210307,148.77357279687678
205021086,Paynesville,-37.96090034664248,147.5603757587597
205031087,Foster,-38.67901563463474,146.1121827030251
205031088,French Island,-38.35001620190422,145.3649037360842
205031089,Korumburra,-38.39835533416132,145.7687902668904
205031090,Leongatha,-38.451131475510785,146.04416486598794
205031091,Phillip Island,-38.49067319835751,145.24078243892512
205031092,Wilsons Promontory,-38.960157663630746,146.36773201899575
205031093,Wonthaggi - Inverloch,-38.516492534162374,145.5985480865558
205041094,Churchill,-38.35884058781804,146.41769865977565
205041095,Moe - Newborough,-38.19661465798294,146.29591397766
205041096,Morwell,-38.207677205501,146.4211145720302
205041098,Yallourn North - Glengarry,-38.08461471740431,146.50276009500965
205041493,Traralgon - East,-38.18846767505375,146.61891299639439
205041494,Traralgon - West,-38.20985694891384,146.51043457901386
205051099,Alps - West,-37.448151814010004,146.84779780780795
205051100,Longford - Loch Sport,-38.14374699034586,147.2530951374518
205051101,Maffra,-37.842457279723575,146.8669755691962
205051102,Rosedale,-38.15654000926892,146.78365258683164
205051103,Sale,-38.10465695970555,147.0562629939027
205051104,Yarram,-38.49427707192221,146.75187248510102
206011106,Brunswick East,-37.76890306956433,144.977667782076
206011107,Brunswick West,-37.763319434959605,144.94254148170452
206011109,Pascoe Vale South,-37.74344514669444,144.93846472477784
206011495,Brunswick - North,-37.76062920515782,144.96303500071892
206011496,Brunswick - South,-37.77156217429878,144.95970866724826
206011497,Coburg - East,-37.74563344201891,144.97184540991688
206011498,Coburg - West,-37.74398182768642,144.9552152812621
206021110,Alphington - Fairfield,-37.774463657903254,145.02467469220971
206021112,Thornbury,-37.758165080349976,145.00638349166223
206021499,Northcote - East,-37.77427486688557,145.00670345909924
206021500,Northcote - West,-37.76948397635482,144.9913980400983
206031113,Ascot Vale,-37.77697664138512,144.9136794330256
206031115,Flemington,-37.783827901861585,144.93090240135066
206031116,Moonee Ponds,-37.76562595178579,144.92142928377558
206031501,Essendon (West) - Aberfeldie,-37.7501417296122,144.8990867650627
206031502,Essendon - East,-37.751283630379795,144.91927037341034
206041117,Carlton,-37.80051327063838,144.96779862171397
206041118,Docklands,-37.81796076890021,144.94327981785307
206041119,East Melbourne,-37.81715447091367,144.98147791791027
206041120,Flemington Racecourse,-37.78799910216649,144.91257768114625
206041121,Kensington (Vic.),-37.794331584408425,144.92706769770692
206041124,Parkville,-37.7871044218606,144.9515326556242
206041125,South Yarra - West,-37.839441938383196,144.98187167699743
206041127,West Melbourne - Industrial,-37.810122109677614,144.92204347457113
206041503,Melbourne CBD - East,-37.812800123315654,144.96858696202383
206041504,Melbourne CBD - North,-37.8092042727665,144.96087784526318
206041505,Melbourne CBD - West,-37.816751147830104,144.9587028360347
206041506,North Melbourne,-37.79866927087874,144.94512122414585
206041507,Royal Botanic Gardens Victoria,-37.82776351209211,144.97669978886688
206041508,Southbank (West) - South Wharf,-37.824244102156186,144.95635992073323
206041509,Southbank - East,-37.82637007862745,144.96611425201675
206041510,West Melbourne - Residential,-37.80859346985182,144.94975845184672
206051128,Albert Park,-37.845637062066224,144.9640483051703
206051129,Elwood,-37.880921906067854,144.9855343584327
206051130,Port Melbourne,-37.838071370046315,144.93505098996465
206051134,St Kilda East,-37.86708082058369,144.99818252780372
206051511,Port Melbourne Industrial,-37.83106620445382,144.91984627335694
206051512,South Melbourne,-37.834663508625965,144.95975055719543
206051513,St Kilda - Central,-37.86400371064459,144.98615016808043
206051514,St Kilda - West,-37.86135764983169,144.97626167379877
206061135,Armadale,-37.85676004331301,145.02070474349395
206061136,Prahran - Windsor,-37.85284998132642,144.99805148497276
206061138,Toorak,-37.84161310755654,145.0176212575675
206061515,South Yarra - North,-37.836159407570854,144.996494094746
206061516,South Yarra - South,-37.84318463953959,144.9948931632614
206071139,Abbotsford,-37.80459788758874,144.9997615345573
206071140,Carlton North - Princes Hill,-37.78571158303633,144.9681264876714
206071141,Collingwood,-37.80209115311432,144.9881357885598
206071142,Fitzroy,-37.80104378748318,144.97913348190622
206071143,Fitzroy North,-37.784077893860655,144.984302872315
206071145,Clifton Hill - Alphington,-37.78984042484817,145.01296154543317
206071517,Richmond (South) - Cremorne,-37.8265062689097,145.00462185884444
206071518,Richmond - North,-37.8148818636187,145.00276357098477
207011146,Ashburton (Vic.),-37.86738890467643,145.0805726494259
207011147,Balwyn,-37.80980590323077,145.08055680313726
207011148,Balwyn North,-37.79189031875718,145.0838937637856
207011149,Camberwell,-37.83844186225342,145.0740158620065
207011150,Glen Iris - East,-37.85474487257669,145.07199958453543
207011152,Hawthorn East,-37.83128215638137,145.0499059482957
207011154,Kew East,-37.79056767643416,145.05238556369233
207011155,Surrey Hills (West) - Canterbury,-37.82450027735095,145.08403221303865
207011519,Hawthorn - North,-37.818013329911935,145.02854217157193
207011520,Hawthorn - South,-37.82927753143884,145.03388990237923
207011521,Kew - South,-37.80875169491367,145.04657013359656
207011522,Kew - West,-37.79976415524464,145.0239807477723
207021156,Bulleen,-37.76888435169745,145.08717984385993
207021157,Doncaster,-37.78482823211344,145.12385255426565
207021159,Templestowe,-37.75404675644435,145.14863358144902
207021160,Templestowe Lower,-37.7638675720713,145.11227182776858
207021424,Doncaster East - North,-37.769438383000114,145.16925686192872
207021425,Doncaster East - South,-37.79151206291003,145.15669134491628
207031161,Blackburn,-37.81655748467763,145.15290736173836
207031162,Blackburn South,-37.83935775517729,145.14653987294653
207031163,Box Hill,-37.82903726069704,145.12474131732856
207031164,Box Hill North,-37.804692735746535,145.12269125159992
207031165,Burwood (Vic.),-37.84806466985715,145.11294418050585
207031166,Burwood East,-37.85358609245871,145.15041546049767
207031167,Surrey Hills (East) - Mont Albert,-37.82429426297001,145.10689543790096
208011168,Beaumaris,-37.98080300262648,145.03775023998878
208011169,Brighton (Vic.),-37.908187543926935,144.99581672091583
208011170,Brighton East,-37.91714847041066,145.01630489934516
208011171,Highett (West) - Cheltenham,-37.95744568002111,145.03796255619574
208011172,Hampton,-37.93766136851631,145.01424666452587
208011173,Sandringham - Black Rock,-37.96085110589126,145.01710400260862
208021174,Bentleigh - McKinnon,-37.919476729668766,145.0379712752781
208021176,Carnegie,-37.89339031883657,145.05589763721423
208021177,Caulfield - North,-37.87388050905115,145.02290277412936
208021178,Caulfield - South,-37.89138003447485,145.0253618905466
208021179,Elsternwick,-37.88696205297789,145.00719931196065
208021180,Hughesdale,-37.899479985896996,145.08113589903587
208021181,Murrumbeena,-37.896837214148476,145.0703681515409
208021182,Ormond - Glen Huntly,-37.90036691004987,145.04142246599693
208021426,Bentleigh East - North,-37.91482351556702,145.06804912514767
208021427,Bentleigh East - South,-37.92941338756159,145.0653262607595
208031183,Aspendale Gardens - Waterways,-38.01909942119203,145.1230755899465
208031184,Braeside,-37.99801987920587,145.12223210191823
208031185,Carrum - Patterson Lakes,-38.07130607012214,145.13919436332037
208031186,Chelsea - Bonbeach,-38.05659606709734,145.12461162875238
208031187,Chelsea Heights,-38.040842683041646,145.13423731105206
208031188,Highett (East) - Cheltenham,-37.9611789312804,145.066078309777
208031189,Edithvale - Aspendale,-38.02822955805323,145.1074763914098
208031190,Mentone,-37.98164472773213,145.06904869296952
208031191,Moorabbin - Heatherton,-37.950345169229884,145.07932001599912
208031192,Moorabbin Airport,-37.977456510328835,145.09951785447004
208031193,Mordialloc - Parkdale,-37.9960044239569,145.08944322510658
208041194,Malvern - Glen Iris,-37.85641657017465,145.04226878339156
208041195,Malvern East,-37.87683670697145,145.0658465132018
209011196,Bundoora - East,-37.69881453357731,145.068332049265
209011197,Greensborough,-37.70010157364166,145.113897693988
209011198,Heidelberg - Rosanna,-37.7457124535588,145.06965456984312
209011199,Heidelberg West,-37.74299166910567,145.04640646488664
209011200,Ivanhoe,-37.76903289759435,145.04307795877523
209011201,Ivanhoe East - Eaglemont,-37.76857045821035,145.0627937171977
209011202,Montmorency - Briar Hill,-37.728855544959096,145.11969011287394
209011203,Viewbank - Yallambie,-37.73122296556389,145.08824007833027
209011204,Watsonia,-37.704905543151256,145.08414686095608
209021205,Kingsbury,-37.7145614542566,145.04904287341571
209021428,Preston - East,-37.74275979044944,145.01600094321014
209021429,Preston - West,-37.7399398850387,144.9900648418594
209021523,Reservoir - North East,-37.70594915026962,145.0212078702657
209021524,Reservoir - North West,-37.6999663021415,144.9939837647972
209021525,Reservoir - South East,-37.72535007228304,145.0220180199272
209021526,Reservoir - South West,-37.71781656990727,144.99393106515862
209031209,Eltham,-37.714707746013836,145.15681877955677
209031210,Hurstbridge,-37.637579825735365,145.19433537911002
209031211,Kinglake,-37.49108591739881,145.40824177594632
209031212,Panton Hill - St Andrews,-37.59584671179543,145.26474854560217
209031213,Plenty - Yarrambat,-37.653518642823336,145.12385079820254
209031214,Research - North Warrandyte,-37.69900390177482,145.22061893926673
209031215,Wattle Glen - Diamond Creek,-37.667740939313816,145.1673032710553
209041216,Bundoora - North,-37.682825584528615,145.07119435193053
209041217,Bundoora - West,-37.69291659818406,145.05257907501095
209041220,Mill Park - North,-37.65952058537316,145.0677107997011
209041221,Mill Park - South,-37.67140236210391,145.0592303928692
209041223,Thomastown,-37.683855847126175,145.00827419174055
209041224,Wallan,-37.38482723191139,145.07161919885556
209041225,Whittlesea,-37.49792622906599,145.1019724870165
209041431,Epping - East,-37.63578877784317,145.04538855103422
209041432,Epping - South,-37.63921484105075,144.99650756958098
209041433,Epping (Vic.) - West,-37.631941377822294,145.0100495611052
209041435,South Morang - North,-37.62371377291517,145.08253651907776
209041436,South Morang - South,-37.645727265747325,145.08558277167407
209041437,Wollert,-37.59093469599246,145.00506275672967
209041527,Doreen - North,-37.58819081258549,145.12684313852816
209041528,Doreen - South,-37.611445358317134,145.12106831126073
209041529,Lalor - East,-37.66897557768477,145.02835788492
209041530,Lalor - West,-37.66058935092116,144.99461649852344
209041531,Mernda - North,-37.584250554975206,145.08550042044953
209041532,Mernda - South,-37.60591238190172,145.07558126174607
210011226,Airport West,-37.723821341199745,144.8812995650561
210011227,Essendon Airport,-37.726907248638454,144.90040872306164
210011228,Keilor,-37.718945672918395,144.84445679682196
210011230,Niddrie - Essendon West,-37.74499613390879,144.8848926042988
210011231,Strathmore,-37.72992840036332,144.91367185883854
210011533,Avondale Heights,-37.761551359263436,144.86260637295072
210011534,Keilor East,-37.742187220549006,144.86611323334856
210021232,Gisborne,-37.49548439428497,144.55519316964677
210021233,Macedon,-37.411928365558055,144.5732603043449
210021234,Riddells Creek,-37.438248827325786,144.67769990436233
210021235,Romsey,-37.34994062129848,144.76342908578002
210031236,Coburg North,-37.72699097550086,144.9674555344426
210031237,Fawkner,-37.705234222227425,144.96960601587685
210031439,Gowanbrae,-37.702801415768114,144.89755156628638
210031440,Hadfield,-37.710108392511415,144.95029811568114
210031535,Glenroy - East,-37.70194710566915,144.93495362436437
210031536,Glenroy - West,-37.70509781717111,144.90966152435206
210031537,Oak Park,-37.71960440042228,144.91789208446934
210031538,Pascoe Vale,-37.72453871786891,144.9388992241954
210041240,Sunbury,-37.539437807452536,144.76756797372295
210041539,Diggers Rest,-37.61599017244422,144.68246252890648
210041540,Sunbury - South,-37.613636559841176,144.73789055379618
210041541,Sunbury - West,-37.538112580368185,144.6720670423305
210051242,Broadmeadows,-37.68408287184822,144.92932188880832
210051243,Campbellfield - Coolaroo,-37.66391889487908,144.95184304292638
210051245,Gladstone Park - Westmeadows,-37.676270740131855,144.8907978479726
210051246,Greenvale - Bulla,-37.62363008394303,144.83536129386763
210051247,Meadow Heights,-37.65116482991955,144.9185548063954
210051248,Melbourne Airport,-37.676419949648604,144.83651568896337
210051250,Tullamarine,-37.69613998257746,144.87723125985877
210051441,Craigieburn - Central,-37.59216084864474,144.9356030009465
210051442,Craigieburn - North,-37.57066473354233,144.94325469633716
210051443,Craigieburn - South,-37.604446050535,144.91879843433185
210051445,Mickleham - Yuroke,-37.54359219195567,144.90191756944097
210051542,Craigieburn - North West,-37.57078877121145,144.90453162137
210051543,Craigieburn - West,-37.58530500202509,144.9047689329928
210051544,Roxburgh Park (South) - Somerton,-37.633842693500625,144.94104394739833
210051545,Roxburgh Park - North,-37.618888752863334,144.92476709795267
211011251,Bayswater,-37.84544262067273,145.26476542820916
211011254,Knoxfield - Scoresby,-37.89721913653324,145.23046695649955
211011255,Lysterfield,-37.92696598742984,145.29080964297648
211011256,Rowville - Central,-37.919383734571205,145.24316934796718
211011257,Rowville - North,-37.90714173131037,145.26086039459452
211011258,Rowville - South,-37.935519578284,145.2388431897285
211011259,Wantirna,-37.85232314686144,145.2259751839922
211011260,Wantirna South,-37.87365151637421,145.22091619292007
211011446,Boronia,-37.85629069280673,145.28596640586147
211011447,Ferntree Gully - North,-37.877305034981994,145.28555810706527
211011448,Ferntree Gully (South) - Upper Ferntree Gully,-37.89282499784802,145.2838108906998
211011449,The Basin,-37.855687326897915,145.3213725120228
211021261,Donvale - Park Orchards,-37.784569459813824,145.20305412375097
211021262,Warrandyte - Wonga Park,-37.743093237223505,145.24288292736088
211031263,Bayswater North,-37.828480119374305,145.2928905610909
211031265,Croydon Hills - Warranwood,-37.772953479901226,145.2687239452293
211031266,Ringwood,-37.811421148981516,145.23337205050188
211031267,Ringwood East,-37.82148895328993,145.24867782355247
211031268,Ringwood North,-37.79465013822174,145.23068791545293
211031450,Croydon - East,-37.801019494523075,145.29122673232135
211031451,Croydon - West,-37.78887632638739,145.27843770517472
211031452,Croydon South,-37.815086077134936,145.2793228342425
211041269,Forest Hill,-37.83986939192746,145.17104826004757
211041270,Mitcham (Vic.),-37.81817686402238,145.19900730474322
211041271,Nunawading,-37.81736151326603,145.17653063971358
211041272,Vermont,-37.83843241565141,145.19929132604736
211041273,Vermont South,-37.85438699239768,145.1878168362734
211051274,Belgrave - Selby,-37.93873014845611,145.35515373877146
211051275,Chirnside Park,-37.73860055632588,145.31431533412936
211051276,Healesville - Yarra Glen,-37.626136267370455,145.49616073083672
211051277,Kilsyth,-37.81542508472571,145.3203389789584
211051278,Lilydale - Coldstream,-37.71379280269307,145.38883954695314
211051279,Monbulk - Silvan,-37.86407978022706,145.45872191147208
211051280,Montrose,-37.811135322549816,145.34794901863967
211051281,Mooroolbark,-37.78133757873579,145.3256706433139
211051282,Mount Dandenong - Olinda,-37.86183492112377,145.37567936366278
211051283,Mount Evelyn,-37.78729078210633,145.388210378146
211051284,Upwey - Tecoma,-37.90424898622366,145.33073146325336
211051285,Wandin - Seville,-37.76063096261021,145.46397116227308
211051286,Yarra Valley,-37.767913516509196,145.680292952002
212011289,Emerald - Cockatoo,-37.95317618704359,145.56165909331588
212011546,Beaconsfield - Officer,-38.04234780749466,145.4003912033574
212011547,Bunyip - Garfield,-38.07989238215425,145.6469695053853
212011548,Koo Wee Rup,-38.20738688771213,145.5513783424361
212011549,Pakenham - North East,-38.053030913022866,145.5067592135414
212011550,Pakenham - North West,-38.04164448890578,145.45402469099224
212011551,Pakenham - South East,-38.09385555517451,145.51549857673461
212011552,Pakenham - South West,-38.091611605330336,145.465067071371
212021293,Berwick - North,-38.025136866580176,145.34883636860096
212021295,Doveton,-37.99060196802336,145.24020024858785
212021297,Hallam,-38.00774931470782,145.26849480968175
212021299,Narre Warren North,-37.986311505548265,145.33040066494812
212021453,Endeavour Hills - North,-37.9594695536938,145.25802641915075
212021454,Endeavour Hills - South,-37.98337701860292,145.260796406817
212021455,Narre Warren - North East,-38.00505491962179,145.30942337285734
212021456,Narre Warren - South West,-38.02480220602282,145.30407731486406
212021553,Berwick - South East,-38.06450078526005,145.35670679720354
212021554,Berwick - South West,-38.054567839385605,145.33040390794503
212031300,Cranbourne,-38.10689444731609,145.27571054681746
212031303,Cranbourne South,-38.15145422015974,145.31292164235828
212031304,Cranbourne West,-38.10184605984667,145.24840428833463
212031306,Lynbrook - Lyndhurst,-38.062036363866575,145.25315224144794
212031308,Pearcedale - Tooradin,-38.20446184074128,145.31156334167372
212031457,Narre Warren South - East,-38.059028238799826,145.31257153190066
212031458,Narre Warren South - West,-38.050096045805276,145.29204645752333
212031555,Clyde North - North,-38.084859288772385,145.35752849205898
212031556,Clyde North - South,-38.10763837390055,145.36361382281584
212031557,Cranbourne East - North,-38.10224450376129,145.31289959915347
212031558,Cranbourne East - South,-38.12249714859267,145.30421885313717
212031559,Cranbourne North - East,-38.0795552586284,145.315434117439
212031560,Cranbourne North - West,-38.07514414385117,145.27992609172315
212031561,Hampton Park - East,-38.04346040749925,145.27526841678923
212031562,Hampton Park - West,-38.030821066429176,145.25789726984792
212041309,Clarinda - Oakleigh South,-37.93856328191777,145.09904887735385
212041310,Clayton South,-37.94306051307816,145.12521399554063
212041312,Dandenong North,-37.955914351382354,145.2142404251064
212041313,Dingley Village,-37.97490335107525,145.12713101298684
212041316,Noble Park North,-37.951249557789225,145.190828433203
212041317,Springvale,-37.94569526013163,145.15785595364355
212041318,Springvale South,-37.970844334004376,145.1478614631541
212041459,Noble Park - East,-37.96392270969896,145.18174472489522
212041460,Noble Park - West,-37.97393932081561,145.17273967499125
212041563,Dandenong - North,-37.98128664936657,145.21546769460875
212041564,Dandenong - South,-38.037727930097226,145.20889796269404
212041565,Keysborough - North,-37.98997077196882,145.17205706007357
212041566,Keysborough - South,-38.02138581072288,145.16164647818312
212051319,Ashwood - Chadstone,-37.87242596653535,145.10145271965646
212051321,Glen Waverley - East,-37.881522669020455,145.17831845871257
212051322,Glen Waverley - West,-37.88170027819508,145.15607063877715
212051323,Mount Waverley - North,-37.86646051036202,145.13023391342296
212051324,Mount Waverley - South,-37.88726367739433,145.12720267078842
212051325,Mulgrave,-37.92568278656582,145.17586858530692
212051326,Oakleigh - Huntingdale,-37.90848155790472,145.10120743594902
212051327,Wheelers Hill,-37.90758571948241,145.1868658949181
212051567,Clayton (North) - Notting Hill,-37.91054911926501,145.13813913578542
212051568,Clayton - Central,-37.92268356820267,145.1247272294227
213011328,Ardeer - Albion,-37.77615027690895,144.80960019866754
213011329,Cairnlea,-37.7593149636614,144.7878074169139
213011331,Delahey,-37.719803073957905,144.77731965235276
213011332,Keilor Downs,-37.72628814774587,144.81290661668282
213011333,Kings Park (Vic.),-37.73902990981977,144.77050697412423
213011334,St Albans - North,-37.73716478660031,144.80238860194564
213011335,St Albans - South,-37.75335566738639,144.80763291597918
213011336,Sunshine,-37.78932145060696,144.83425172235832
213011337,Sunshine North,-37.76392865010275,144.83618889313308
213011338,Sunshine West,-37.80200784278442,144.8182721783673
213011339,Sydenham,-37.69979615790415,144.76424224559588
213011340,Taylors Lakes,-37.688510649208844,144.78596959151437
213011569,Deer Park,-37.7686617393791,144.77128889497595
213011570,Derrimut,-37.79879506719955,144.7760263944311
213021341,Altona,-37.86030650559995,144.81501004529062
213021342,Altona Meadows,-37.88098941209651,144.78443331708132
213021343,Altona North,-37.835724347205854,144.83609025523486
213021344,Newport,-37.837627635229474,144.88222179862188
213021345,Seabrook,-37.8809206460625,144.7586559986953
213021346,Williamstown,-37.85912873443828,144.88478867390316
213031347,Braybrook,-37.78468800237322,144.86299218748735
213031348,Footscray,-37.798129176733354,144.89731859832133
213031349,Maribyrnong,-37.7726888936942,144.88776137861342
213031350,Seddon - Kingsville,-37.80766734604172,144.8863418793272
213031351,West Footscray - Tottenham,-37.802027915703256,144.86450713467588
213031352,Yarraville,-37.81797666218002,144.8819718446391
213041353,Bacchus Marsh,-37.637931249736226,144.4546362675087
213041358,Melton West,-37.66487024707241,144.54260346813592
213041359,Rockbank - Mount Cottrell,-37.760396529410805,144.66722994789805
213041360,Taylors Hill,-37.71455740467327,144.74900955212874
213041461,Burnside,-37.74921245550771,144.75302697796255
213041462,Burnside Heights,-37.73223107536933,144.75563146640923
213041463,Caroline Springs,-37.73892504517956,144.73736491786073
213041571,Brookfield,-37.69934255998208,144.54055048562742
213041572,Cobblebank - Strathtulloh,-37.7220492430576,144.5985051930467
213041573,Eynesbury - Exford,-37.75507890181152,144.53095733033638
213041574,Fraser Rise - Plumpton,-37.68700789025863,144.69081181174147
213041575,Hillside,-37.6899668931007,144.74108725043916
213041576,Kurunjang - Toolern Vale,-37.616241950417695,144.5936055790005
213041577,Melton,-37.68575415472249,144.59580163933072
213041578,Melton South - Weir Views,-37.717864398124924,144.56846020427022
213051361,Hoppers Crossing - North,-37.86244380580941,144.70125423932424
213051362,Hoppers Crossing - South,-37.87327829812794,144.68536103874794
213051363,Laverton,-37.8395367079371,144.77804627781862
213051368,Werribee - South,-37.951356928165374,144.65289647177258
213051464,Point Cook - East,-37.913132343181836,144.7701074715316
213051466,Point Cook - South,-37.91133710721887,144.7334466523941
213051467,Werribee - East,-37.88517739290166,144.66195070881494
213051468,Werribee - West,-37.91965967205871,144.54848214784465
213051579,Manor Lakes - Quandong,-37.84848939103305,144.51867979190615
213051580,Point Cook - North East,-37.88645861133166,144.74357952065196
213051581,Point Cook - North West,-37.88535213436295,144.72616541511377
213051582,Tarneit (West) - Mount Cottrell,-37.824218020584865,144.6243244747549
213051583,Tarneit - Central,-37.840689939364935,144.68049032605117
213051584,Tarneit - North,-37.81816129443649,144.68160846855628
213051585,Tarneit - South,-37.85777164034791,144.660957070244
213051586,Truganina - North,-37.82405980428168,144.73660536011485
213051587,Truganina - South East,-37.84770643866273,144.7426985776394
213051588,Truganina - South West,-37.849568664208746,144.72090152967596
213051589,Wyndham Vale - North,-37.827046240250596,144.56501643483253
213051590,Wyndham Vale - South,-37.88921886914356,144.616786049526
214011370,Carrum Downs,-38.09277608138946,145.17579349751574
214011371,Frankston,-38.15411063380688,145.13964636195024
214011372,Frankston North,-38.13360734324185,145.1580411694873
214011373,Frankston South,-38.17644868165917,145.12946305128364
214011374,Langwarrin,-38.16261829374685,145.19592913012764
214011375,Seaford (Vic.),-38.10481923039161,145.13844684887206
214011376,Skye - Sandhurst,-38.10137286177821,145.21507966498177
214021377,Dromana,-38.335855697667654,144.99912880328222
214021378,Flinders,-38.398018756601395,145.00011781037998
214021379,Hastings - Somers,-38.34578082670447,145.16465656572004
214021381,Mount Eliza,-38.195072904944894,145.09289141618137
214021382,Mount Martha,-38.27546406022826,145.03073672556351
214021383,Point Nepean,-38.37860705563247,144.79659559764238
214021384,Rosebud - McCrae,-38.36895867609765,144.90744964488974
214021385,Somerville,-38.241145131771454,145.16389715234826
214021591,Mornington - East,-38.23401621689429,145.06759579941405
214021592,Mornington - West,-38.22221755100315,145.043502348524
215011386,Ararat,-37.262452456362546,142.97560969252964
215011387,Ararat Surrounds,-37.48999897897288,142.83449290425358
215011388,Horsham,-36.731757109112316,142.21450170426942
215011389,Horsham Surrounds,-36.821601621457575,142.08931040600973
215011390,Nhill Region,-36.097611239582754,141.57617418624395
215011391,St Arnaud,-36.675284003572706,143.126399289554
215011392,Stawell,-37.021616990388544,142.6958462557473
215011393,West Wimmera,-36.952483122586685,141.34348811167143
215011394,Yarriambiack,-35.987249724968784,142.4222850501391
215021395,Irymple,-34.24152366758324,142.18112280015526
215021396,Merbein,-34.18149018651869,142.03622229196998
215021398,Mildura Surrounds,-34.88201329842385,141.67145263068892
215021399,Red Cliffs,-34.336748199421066,142.2269650271459
215021469,Mildura - North,-34.18067429337976,142.15582739952956
215021470,Mildura - South,-34.220708983450955,142.11083992905176
215031400,Buloke,-35.90852461002206,143.0053115350112
215031401,Gannawarra,-35.751596283842396,143.8024958123277
215031402,Kerang,-35.72460478363719,143.94550000264155
215031403,Robinvale,-34.6521738689458,142.76692968404768
215031404,Swan Hill,-35.36217543987568,143.51179260263484
215031405,Swan Hill Surrounds,-35.12627098357254,143.1266000409134
216011406,Echuca,-36.163728260026936,144.77212545852205
216011407,Kyabram,-36.25551603938988,144.97815792754275
216011408,Lockington - Gunbower,-36.17440455701907,144.47033109103955
216011409,Rochester,-36.33481055372279,144.73667816046225
216011410,Rushworth,-36.578982983332814,144.84319498949847
216021411,Cobram,-35.944392472551115,145.66831785253083
216021412,Moira,-36.14728025076868,145.89601708886775
216021413,Numurkah,-36.01437482806617,145.30154139299762
216021414,Yarrawonga,-36.037636340250764,146.00268744000044
216031415,Mooroopna,-36.39880563643676,145.34611665845566
216031416,Shepparton - North,-36.342826597691364,145.40136226930548
216031418,Shepparton Surrounds - East,-36.37336486041184,145.53987114745132
216031419,Shepparton Surrounds - West,-36.42289083546597,145.2127945842424
216031593,Kialla,-36.45635714082849,145.4105598117006
216031594,Shepparton - South East,-36.39994416218737,145.45837675142295
217011420,Glenelg (Vic.),-37.86575836107243,141.3822813332804
217011421,Hamilton (Vic.),-37.745820340075305,142.01761072876207
217011422,Portland,-38.34024392860681,141.58410896223594
217011423,Southern Grampians,-37.536341587720344,142.0285685073489
217031471,Camperdown,-38.228597684051785,143.15921599515877
217031472,Colac,-38.35883245921129,143.5785435884395
217031473,Colac Surrounds,-38.29790014679536,143.63640320846693
217031474,Corangamite - North,-38.021901434154806,143.26070820713775
217031475,Corangamite - South,-38.46324411250119,143.10648952703465
217031476,Otway,-38.642108831477906,143.5539477261408
217041477,Moyne - East,-38.09440893388992,142.7112953759247
217041478,Moyne - West,-38.1566054790451,142.14867931754338
217041479,Warrnambool - North,-38.34464749557878,142.49575596530892
217041480,Warrnambool - South,-38.3898894961946,142.57424081844664
297979799,Migratory - Offshore - Shipping (Vic.),,
299999499,No usual address (Vic.),,
